{"frames":{"Imported piskel0.png":{"frame":{"x":0,"y":0,"w":64,"h":75},"rotated":false,"trimmed":false,"spriteSourceSize":{"x":0,"y":0,"w":64,"h":75},"sourceSize":{"w":64,"h":75}},"Imported piskel1.png":{"frame":{"x":64,"y":0,"w":64,"h":75},"rotated":false,"trimmed":false,"spriteSourceSize":{"x":0,"y":0,"w":64,"h":75},"sourceSize":{"w":64,"h":75}},"Imported piskel2.png":{"frame":{"x":128,"y":0,"w":64,"h":75},"rotated":false,"trimmed":false,"spriteSourceSize":{"x":0,"y":0,"w":64,"h":75},"sourceSize":{"w":64,"h":75}},"Imported piskel3.png":{"frame":{"x":192,"y":0,"w":64,"h":75},"rotated":false,"trimmed":false,"spriteSourceSize":{"x":0,"y":0,"w":64,"h":75},"sourceSize":{"w":64,"h":75}},"Imported piskel4.png":{"frame":{"x":0,"y":75,"w":64,"h":75},"rotated":false,"trimmed":false,"spriteSourceSize":{"x":0,"y":0,"w":64,"h":75},"sourceSize":{"w":64,"h":75}},"Imported piskel5.png":{"frame":{"x":64,"y":75,"w":64,"h":75},"rotated":false,"trimmed":false,"spriteSourceSize":{"x":0,"y":0,"w":64,"h":75},"sourceSize":{"w":64,"h":75}},"Imported piskel6.png":{"frame":{"x":128,"y":75,"w":64,"h":75},"rotated":false,"trimmed":false,"spriteSourceSize":{"x":0,"y":0,"w":64,"h":75},"sourceSize":{"w":64,"h":75}},"Imported piskel7.png":{"frame":{"x":192,"y":75,"w":64,"h":75},"rotated":false,"trimmed":false,"spriteSourceSize":{"x":0,"y":0,"w":64,"h":75},"sourceSize":{"w":64,"h":75}},"Imported piskel8.png":{"frame":{"x":0,"y":150,"w":64,"h":75},"rotated":false,"trimmed":false,"spriteSourceSize":{"x":0,"y":0,"w":64,"h":75},"sourceSize":{"w":64,"h":75}},"Imported piskel9.png":{"frame":{"x":64,"y":150,"w":64,"h":75},"rotated":false,"trimmed":false,"spriteSourceSize":{"x":0,"y":0,"w":64,"h":75},"sourceSize":{"w":64,"h":75}},"Imported piskel10.png":{"frame":{"x":128,"y":150,"w":64,"h":75},"rotated":false,"trimmed":false,"spriteSourceSize":{"x":0,"y":0,"w":64,"h":75},"sourceSize":{"w":64,"h":75}},"Imported piskel11.png":{"frame":{"x":192,"y":150,"w":64,"h":75},"rotated":false,"trimmed":false,"spriteSourceSize":{"x":0,"y":0,"w":64,"h":75},"sourceSize":{"w":64,"h":75}},"Imported piskel12.png":{"frame":{"x":0,"y":225,"w":64,"h":75},"rotated":false,"trimmed":false,"spriteSourceSize":{"x":0,"y":0,"w":64,"h":75},"sourceSize":{"w":64,"h":75}}},"meta":{"app":"https://github.com/juliandescottes/piskel/","version":"1.0","image":"Imported piskel.png","format":"RGBA8888","size":{"w":256,"h":300}}}